´ÊĞÔ,³öÏÖ´ÎÊı
/v/n/v/n,193
/v/v/v/v,712
/v/v/n/v,504
/v/v/u/v,218
/n/v/n/v,227
/n/v/v/v,399
/v/n/v/v,472
/v/v/v/n,404
/d/v/n/v,14
/u/n/v/v,13
/v/v/v/d,67
/d/u/nd/v,4
/d/v/v/v,158
/n/v/r/d,4
/n/v/u/v,4
/n/v/v/nl,4
/n/v/v/u,13
/r/v/r/v,24
/v/v/d/v,52
/v/v/r/v,94
/r/v/v/v,87
/v/r/v/d,20
/v/u/v/v,193
/r/v/v/r,44
/v/v/v/u,172
/u/v/v/v,250
/v/r/v/v,111
/v/v/v/r,50
/n/v/v/n,83
/v/v/n/n,41
/v/n/n/n,10
/v/u/v/n,11
/v/n/n/v,113
/n/v/r/v,8
/r/v/d/v,8
/u/d/d/v,8
/v/n/v/r,8
/a/n/n/n,6
/n/n/v/d,6
/u/u/v/v,16
/n/u/v/n,47
/v/u/v/u,13
/v/d/v/v,105
/u/v/u/v,11
/v/n/v/d,14
/u/v/n/v,48
/v/n/u/n,36
/n/n/n/n,32
/n/n/v/v,93
/u/v/v/n,22
/v/n/u/v,10
/v/n/v/u,8
/v/r/r/v,12
/v/v/u/d,17
/n/n/v/n,37
